{
  "accuracy": 0.9998713991769548,
  "macro_precision": 0.9999446290143964,
  "macro_recall": 0.9999216975961162,
  "macro_f1": 0.9999330642847898
}